-- Las tablas dentro de este backup son:
-- 1. auditorias
-- 2. categorias
-- 3. clientes
-- 4. colores
-- 5. compras
-- 6. departamentos
-- 7. detalle_compras
-- 8. detalle_ventas
-- 9. empleados
-- 10. marcas
-- 11. productos
-- 12. proveedores
-- 13. puestos
-- 14. temporadas
-- 15. ventas


-- MySQL dump 10.13  Distrib 8.0.32, for Win64 (x86_64)
--
-- Host: localhost    Database: grupo_eluck
-- ------------------------------------------------------
-- Server version	8.0.32

/*!40101 SET @OLD_CHARACTER_SET_CLIENT=@@CHARACTER_SET_CLIENT */;
/*!40101 SET @OLD_CHARACTER_SET_RESULTS=@@CHARACTER_SET_RESULTS */;
/*!40101 SET @OLD_COLLATION_CONNECTION=@@COLLATION_CONNECTION */;
/*!50503 SET NAMES utf8 */;
/*!40103 SET @OLD_TIME_ZONE=@@TIME_ZONE */;
/*!40103 SET TIME_ZONE='+00:00' */;
/*!40014 SET @OLD_UNIQUE_CHECKS=@@UNIQUE_CHECKS, UNIQUE_CHECKS=0 */;
/*!40014 SET @OLD_FOREIGN_KEY_CHECKS=@@FOREIGN_KEY_CHECKS, FOREIGN_KEY_CHECKS=0 */;
/*!40101 SET @OLD_SQL_MODE=@@SQL_MODE, SQL_MODE='NO_AUTO_VALUE_ON_ZERO' */;
/*!40111 SET @OLD_SQL_NOTES=@@SQL_NOTES, SQL_NOTES=0 */;

--
-- Dumping data for table `auditorias`
--

LOCK TABLES `auditorias` WRITE;
/*!40000 ALTER TABLE `auditorias` DISABLE KEYS */;
INSERT INTO `auditorias` VALUES (1,'producto',200000,'2023-05-19 18:30:49','root@localhost','2023-05-19 19:06:31','root@localhost');
/*!40000 ALTER TABLE `auditorias` ENABLE KEYS */;
UNLOCK TABLES;

--
-- Dumping data for table `categorias`
--

LOCK TABLES `categorias` WRITE;
/*!40000 ALTER TABLE `categorias` DISABLE KEYS */;
INSERT INTO `categorias` VALUES (1,'PULSERA'),(2,'COLLAR'),(3,'ANILLO'),(4,'RELOJ CABALLERO'),(5,'RELOJ DAMA'),(6,'ARETES');
/*!40000 ALTER TABLE `categorias` ENABLE KEYS */;
UNLOCK TABLES;

--
-- Dumping data for table `clientes`
--

LOCK TABLES `clientes` WRITE;
/*!40000 ALTER TABLE `clientes` DISABLE KEYS */;
INSERT INTO `clientes` VALUES (1,'Liverpool','Address: 1020 Lawson St. City of industry , CA 91784 ','832-533-41'),(2,'Palacio de Hierro','26F,1888#JIANGHUI ROAD, HANGZHOU CHINA','583-634-80'),(3,'Sanborns','Paseo De La Republica 5030-25 Col Jardines Del Rincon Cp 58270 (Hernandez Gonzalez De Eslava 266 Mir','760-437-53'),(4,'Sears','Diagonal 20 de Noviembre No. 275-7  COL. OBRERA DELEG. CUAHUTEMOC. C.P. 06800 MEXICO D.F.','342-278-01'),(5,'Coppel','Diagonal 20 de Noviembre No. 275-7  COL. OBRERA DELEG. CUAHUTEMOC. C.P. 06800 MEXICO D.F.','527-230-76'),(6,'Privalia','José María Morelos Num.4013 Colonia La Huizachera C.P. 75718 Tehuacan, Puebla','606-549-46'),(7,'Promoda','Calle 5 De Febrero 130 Loc.903 Col.Obrera Mexico D.F. C.P.06800','490-493-95'),(8,'Outlets','Paseo De La Republica 5030-25 Col Jardines Del Rincon Cp 58270 (Hernandez Gonzalez De Eslava 266 Mir','926-217-80');
/*!40000 ALTER TABLE `clientes` ENABLE KEYS */;
UNLOCK TABLES;

--
-- Dumping data for table `colores`
--

LOCK TABLES `colores` WRITE;
/*!40000 ALTER TABLE `colores` DISABLE KEYS */;
INSERT INTO `colores` VALUES (1,'DORADO'),(2,'PLATEADO'),(3,'ROSE GOLD'),(4,'NEGRO'),(5,'CAREY'),(6,'GRIS');
/*!40000 ALTER TABLE `colores` ENABLE KEYS */;
UNLOCK TABLES;

--
-- Dumping data for table `compras`
--

LOCK TABLES `compras` WRITE;
/*!40000 ALTER TABLE `compras` DISABLE KEYS */;
INSERT INTO `compras` VALUES (17283663,12,8,'2020-05-07'),(20024746,11,7,'2021-04-08'),(31732429,5,7,'2021-09-28'),(67574637,6,8,'2022-09-29'),(73342874,12,7,'2021-02-04'),(76278506,9,8,'2021-12-17'),(84024062,8,7,'2020-07-15'),(107609681,11,7,'2023-03-08'),(118924699,4,8,'2021-02-03'),(123092574,10,7,'2020-04-28'),(127108890,9,7,'2023-02-25'),(151947856,1,8,'2020-04-30'),(157085015,2,8,'2020-08-18'),(196931606,5,8,'2023-04-18'),(214971732,14,8,'2021-11-14'),(215552695,11,8,'2022-11-01'),(236150804,6,7,'2023-02-10'),(258853042,7,8,'2021-09-23'),(276394879,14,8,'2022-01-10'),(288108639,3,8,'2022-01-29'),(299400395,10,7,'2022-01-28'),(302394761,11,7,'2022-02-12'),(306231581,6,8,'2023-03-07'),(306514842,15,7,'2022-07-20'),(318450534,15,7,'2022-02-21'),(329281593,1,7,'2021-07-13'),(348191103,13,8,'2022-02-22'),(348858698,3,8,'2021-08-18'),(385013493,12,8,'2021-11-04'),(389970719,8,8,'2021-07-20'),(390246425,12,8,'2022-12-13'),(394038576,7,8,'2020-08-15'),(406077142,13,8,'2021-01-15'),(410203084,13,8,'2022-06-17'),(411077910,13,8,'2020-04-22'),(453466184,3,8,'2023-04-11'),(461514281,7,7,'2022-10-29'),(469869623,3,7,'2022-04-08'),(485516438,11,8,'2020-11-20'),(495818461,4,8,'2020-11-29'),(497596385,10,7,'2021-11-27'),(501451005,6,8,'2020-05-26'),(505717743,12,8,'2020-07-15'),(508309670,5,7,'2022-12-01'),(511163525,12,7,'2020-06-03'),(526886587,7,8,'2020-08-10'),(560427336,11,7,'2021-03-27'),(565242873,13,7,'2022-08-31'),(571906613,9,7,'2021-09-29'),(583943756,3,7,'2022-04-14'),(585372780,3,7,'2022-06-17'),(615239250,7,7,'2020-10-01'),(629900264,12,7,'2022-08-13'),(633400777,7,8,'2021-07-21'),(641799047,15,8,'2022-01-22'),(647211807,12,8,'2022-11-26'),(694507113,9,7,'2022-09-21'),(703705679,11,8,'2020-08-21'),(712166718,10,7,'2022-02-13'),(723988382,4,8,'2022-12-05'),(744958652,13,8,'2022-09-16'),(761749586,6,7,'2020-08-30'),(783410913,13,8,'2023-04-08'),(787504793,13,7,'2021-07-16'),(795754124,8,8,'2021-04-24'),(796149631,6,8,'2021-03-02'),(796647380,13,8,'2020-05-01'),(803027338,12,8,'2020-08-18'),(825386020,4,8,'2022-06-14'),(830252495,10,7,'2021-02-18'),(839158041,7,7,'2021-06-20'),(839399022,13,7,'2020-07-19'),(845267043,4,7,'2021-09-07'),(848089502,8,8,'2022-11-12'),(853664714,2,8,'2023-03-25'),(874068754,13,7,'2020-06-17'),(892594039,12,8,'2021-12-24'),(914088211,5,8,'2022-04-07'),(938182706,10,8,'2020-10-12'),(945705743,13,7,'2022-05-29'),(957424647,9,7,'2022-01-15'),(962131458,11,8,'2022-12-19'),(970434480,6,7,'2022-09-16'),(975791133,9,8,'2022-06-13'),(978348435,15,8,'2022-02-24'),(991600509,15,8,'2020-09-15'),(1000986039,15,8,'2022-09-08'),(1015489168,1,8,'2022-03-11'),(1017850127,9,8,'2020-05-10'),(1021163791,9,7,'2022-04-15'),(1030266735,9,7,'2022-08-17'),(1074030877,8,8,'2022-02-23'),(1078034095,10,8,'2023-01-19'),(1081973722,11,7,'2022-03-13'),(1090786050,15,7,'2022-12-09'),(1092765700,12,8,'2020-10-11'),(1114254169,9,8,'2020-09-21'),(1115173510,9,7,'2023-02-22'),(1131627342,10,7,'2022-10-08'),(1139794701,12,8,'2021-09-13'),(1142772772,2,8,'2022-05-05'),(1146501897,6,8,'2021-03-05'),(1157978452,12,7,'2022-06-12'),(1175261491,5,8,'2022-02-04'),(1202687849,12,7,'2022-09-04'),(1206562013,4,8,'2021-03-01'),(1214772692,4,7,'2022-11-10'),(1236166051,14,8,'2022-01-01'),(1247053016,5,7,'2021-06-25'),(1253534217,13,8,'2021-12-16'),(1269118137,2,7,'2021-02-21'),(1273989082,12,8,'2023-01-12'),(1278324747,13,7,'2022-01-02'),(1281942154,13,7,'2022-08-20'),(1299559646,2,7,'2020-10-31'),(1303784823,2,8,'2020-10-25'),(1305729900,9,8,'2021-02-23'),(1315251930,9,7,'2023-04-02'),(1316098400,8,7,'2021-03-11'),(1316760014,8,7,'2022-03-04'),(1325883735,15,8,'2022-04-02'),(1327155850,10,7,'2021-07-11'),(1336649704,14,8,'2021-07-12'),(1343882303,6,8,'2021-05-07'),(1371511101,11,8,'2021-10-25'),(1372781420,4,7,'2022-12-06'),(1401328172,15,8,'2021-08-09'),(1403888116,12,7,'2020-10-02'),(1407194909,2,7,'2021-11-05'),(1428599991,8,8,'2022-07-27'),(1436836433,11,8,'2020-11-20'),(1443101672,6,7,'2022-11-07'),(1447161173,11,7,'2022-07-17'),(1458021440,13,7,'2023-03-17'),(1460690664,11,7,'2022-08-01'),(1472462734,2,7,'2020-10-31'),(1477557954,13,8,'2021-06-08'),(1489770518,12,8,'2020-12-12'),(1517199611,6,8,'2021-01-09'),(1521336717,14,8,'2021-07-07'),(1525452320,10,7,'2021-05-30'),(1527588432,1,7,'2022-04-01'),(1535793473,6,7,'2020-05-16'),(1544898126,9,8,'2021-07-22'),(1548757721,2,8,'2020-07-19'),(1554086612,11,7,'2021-10-23'),(1557122555,14,7,'2022-04-24'),(1562154699,1,7,'2021-05-04'),(1566246288,1,7,'2022-01-06'),(1567986447,7,7,'2022-10-15'),(1568968663,3,7,'2023-03-29'),(1573466050,4,8,'2021-10-01'),(1591774179,12,7,'2020-11-25'),(1616120584,14,8,'2022-02-10'),(1619669285,13,7,'2020-04-26'),(1630164933,10,8,'2021-02-17'),(1639023097,15,7,'2021-06-19'),(1655447688,15,8,'2020-08-15'),(1661559980,13,7,'2021-08-24'),(1666161365,1,8,'2021-08-12'),(1668789272,8,8,'2022-07-08'),(1688308202,7,7,'2022-11-25'),(1695664426,7,7,'2022-10-13'),(1714186512,4,7,'2020-05-30'),(1727654862,9,7,'2021-06-30'),(1736178105,12,8,'2020-10-04'),(1736342568,8,8,'2021-04-29'),(1773353306,15,8,'2021-06-08'),(1780478860,10,7,'2020-09-10'),(1783416343,4,7,'2022-09-18'),(1797505777,15,8,'2021-10-28'),(1815658789,3,8,'2021-01-31'),(1826421483,8,7,'2022-02-07'),(1838000879,3,8,'2020-11-08'),(1843825732,10,7,'2021-01-07'),(1850804095,6,8,'2021-04-19'),(1851636234,1,8,'2020-04-21'),(1852670096,10,7,'2022-09-05'),(1856738310,15,7,'2023-04-07'),(1886485690,10,8,'2023-03-10'),(1897163339,7,8,'2023-03-20'),(1915844398,1,8,'2022-02-08'),(1928103367,10,8,'2021-03-14'),(1949001865,15,8,'2020-05-02'),(1970464011,7,7,'2020-10-31'),(1971035955,4,7,'2021-02-19'),(1980705275,4,7,'2022-08-23'),(1985812363,12,7,'2022-08-20'),(2003592474,7,8,'2021-10-28'),(2003698027,1,7,'2021-04-14'),(2010476441,12,8,'2022-08-11'),(2029907596,14,8,'2020-12-24'),(2035539692,11,7,'2022-01-05'),(2040266321,2,7,'2023-01-07'),(2045973123,15,8,'2021-10-22'),(2062993250,12,7,'2022-03-01'),(2064745742,14,8,'2022-09-04'),(2065026324,8,7,'2022-07-25'),(2066349488,12,7,'2022-10-06'),(2074258011,8,8,'2021-01-07'),(2080517880,5,8,'2022-03-29'),(2087434956,15,7,'2020-05-15'),(2092373951,2,8,'2022-06-14'),(2120177988,8,7,'2022-07-08'),(2123616672,1,7,'2021-02-03'),(2136645552,10,8,'2023-03-19'),(2147483647,2,8,'2020-09-12');
/*!40000 ALTER TABLE `compras` ENABLE KEYS */;
UNLOCK TABLES;

--
-- Dumping data for table `departamentos`
--

LOCK TABLES `departamentos` WRITE;
/*!40000 ALTER TABLE `departamentos` DISABLE KEYS */;
INSERT INTO `departamentos` VALUES (1,'Accounting'),(2,'Legal'),(3,'Services'),(4,'Human Resources'),(5,'Marketing'),(6,'Data Analytics'),(7,'Jewelry'),(8,'Watches'),(9,'Warehouse'),(10,'Store Sales');
/*!40000 ALTER TABLE `departamentos` ENABLE KEYS */;
UNLOCK TABLES;

--
-- Dumping data for table `detalle_compras`
--

LOCK TABLES `detalle_compras` WRITE;
/*!40000 ALTER TABLE `detalle_compras` DISABLE KEYS */;
INSERT INTO `detalle_compras` VALUES (1773353306,'W0023L5',3,3599),(1773353306,'W0642L2',2,2899),(1773353306,'W0648L1',3,3599),(1773353306,'W0562L2',1,3499),(1773353306,'W0565L4',2,3699),(1773353306,'W0627L1',2,3699),(1773353306,'W0627L2',1,3899),(2147483647,'W0289L3',3,2999),(2147483647,'W0330L17',2,3599),(2147483647,'W0626L3',2,3899),(2147483647,'W0622L1',2,3699),(2147483647,'W0624L3',2,2999),(2147483647,'W0653L1',1,4799),(2147483647,'W0655L1',2,3799),(2147483647,'W0687L2',3,3799),(2147483647,'W0624L1',1,3699),(2147483647,'W0639L1',3,4299),(2147483647,'W0573L2',3,4599),(2147483647,'W0693L2',3,2699),(2147483647,'W0623L3',1,3099),(2147483647,'W0632L2',1,4299),(2147483647,'W0633L1',2,3699),(2147483647,'W0628L2',1,2699),(2147483647,'W0623L2',3,3399),(1521336717,'W0626L2',2,3599),(1521336717,'W0642L3',3,3999),(1521336717,'W0648L2',2,2499),(1521336717,'W0647L2',2,4999),(1521336717,'W0693L3',1,2499),(2147483647,'W0636L1',2,3399),(2147483647,'W0289L4',3,4499),(2147483647,'W0330L16',3,4199),(2147483647,'W0633L2',1,3799),(1668789272,'W0624L2',1,4999),(1668789272,'W0628L4',1,2999),(1668789272,'W0623L1',1,3799),(1668789272,'W0638L1',1,4999),(1114254169,'W0573L1',2,2999),(1114254169,'W0647L1',1,3299),(2147483647,'W0493G4',2,1799),(2147483647,'W0494G5',3,2999),(2147483647,'W0659G3',1,3599),(2147483647,'W0658G4',3,2899),(2147483647,'W0657G2',2,3599),(2147483647,'W0172G5',2,3499),(2147483647,'W0658G1',2,3699),(2147483647,'W0662G3',2,3899),(2147483647,'W0662G4',3,2999),(2147483647,'W0674G2',2,3599),(2147483647,'W0662G5',3,3899),(2147483647,'W0485G3',1,3699),(2147483647,'W0669G2',3,3699),(2147483647,'W0682G1',3,4799),(2147483647,'W0172G6',1,3799),(2147483647,'W0659G2',2,3699),(2147483647,'W0658G3',1,4299),(2147483647,'W0664G2',3,4799),(2147483647,'W0500G3',1,4599),(2147483647,'W0660G1',2,2699),(2147483647,'W0669G1',2,3099),(2147483647,'W0658G2',3,4299),(2147483647,'W0664G1',2,3699),(2147483647,'W0474G3',2,2699),(2147483647,'W0659G1',3,3399),(2147483647,'W0657G1',3,3599),(2147483647,'W0662G2',2,3999),(2147483647,'W0660G2',3,2499),(2147483647,'W0681G3',2,2199),(2147483647,'W0623L4',2,4499),(2147483647,'W0702L1',3,4199),(2147483647,'W0653L2',3,3799),(2147483647,'W0741L2',3,4999),(2147483647,'W0705L2',3,2999),(787504793,'W0705L3',3,4999),(787504793,'W0705L1',1,2999),(2147483647,'W0729L1',3,3299),(2147483647,'W0729L4',1,1799),(2147483647,'W0746G1',2,2999),(2147483647,'W0716G2',2,2899),(2147483647,'W0564L1',1,3599),(2147483647,'W0570L2',1,3499),(2147483647,'W0289L2',3,3699),(2147483647,'W0330L13',1,3899),(2147483647,'W0330L11',1,2999),(2147483647,'W0330L12',2,3599),(2147483647,'W0380G6',3,3899),(703705679,'W0600G3',2,2999),(703705679,'W0597G1',3,3699),(703705679,'W0595G3',3,4799),(2147483647,'W0597G3',2,3799),(2147483647,'W0379G5',1,3799),(2147483647,'W0379G6',3,3699),(2147483647,'W0247G3',1,4299),(2147483647,'W0289L1',3,4799),(2147483647,'W0448L5',2,4599),(2147483647,'W0425L3',1,2699),(2147483647,'W0500G1',1,3099),(2147483647,'W0023L4',1,3699),(1843825732,'W0380G4',2,2699),(1843825732,'W16574L1',2,3399),(1843825732,'W10614L2',1,3599);
/*!40000 ALTER TABLE `detalle_compras` ENABLE KEYS */;
UNLOCK TABLES;

--
-- Dumping data for table `detalle_ventas`
--

LOCK TABLES `detalle_ventas` WRITE;
/*!40000 ALTER TABLE `detalle_ventas` DISABLE KEYS */;
INSERT INTO `detalle_ventas` VALUES (2147483647,'60381811-E50',3,2999),(2147483647,'60361498-900',1,3299),(2147483647,'60441130-284',2,1799),(2147483647,'60359618-Z01',2,2999),(2147483647,'60421098-887',2,3599),(2147483647,'60392593-900',1,2899),(2147483647,'60359361-Z01',2,3599),(2147483647,'60381918-887',2,3499),(2147483647,'60441099-284',1,3699),(2147483647,'60441183-E50',2,3699),(2147483647,'60380173-887',1,3899),(2147483647,'60380175-887',1,2999),(2147483647,'60255117-887',2,3599),(2147483647,'60452194-887',3,3899),(2147483647,'60447316-887',3,3699),(2147483647,'60452191-G03',1,3699),(2147483647,'60447432-887',3,4799),(968971598,'60447325-887',2,3699),(968971598,'203237',3,4799),(968971598,'202633',1,4599),(2147483647,'202951',1,3099),(2147483647,'202999',2,4299),(2147483647,'202989',3,3399),(2147483647,'202998',3,3599),(2147483647,'201592',3,3999),(2147483647,'202372',3,2499),(2147483647,'202988',3,4999),(2147483647,'203181',1,2199),(188245472,'202947',1,2499),(188245472,'203227',1,3399),(188245472,'202952',1,4199),(247635162,'202950',1,4999),(247635162,'202240',2,2999),(2147483647,'203187',2,4999),(2147483647,'203130',3,2999),(2147483647,'K00276-E02',3,3299),(2147483647,'K00143-E01',3,1799),(1516094905,'K03102-E01',2,2999),(1516094905,'JQRU3344',1,3299),(1516094905,'K08474-E02',1,1799),(1516094905,'KC0130-N01',1,699),(1260771474,'K00972-N01',3,699),(1260771474,'KC0130-N02',1,799),(1260771474,'K06686-N02',1,699),(1260771474,'K00952-E02',1,949),(2147483647,'60442441-5PJ',1,749),(2147483647,'60449972-G03',3,799),(2147483647,'60442953-G03',1,999),(2147483647,'60443309-5ZU',3,799),(2147483647,'60442804-887',1,1199),(1893961575,'60390821-G03',2,649),(1893961575,'60449929-887',2,699),(1893961575,'60390819-887',2,499),(2147483647,'60442805-887',1,749),(2147483647,'60412570-G03',1,749),(2147483647,'60442801-887',2,699),(2147483647,'60442831-887',2,949),(2147483647,'60442384-276',2,949),(2147483647,'60442800-887',1,749),(2147483647,'60441327-5PJ',2,799),(2147483647,'60441187-G03',3,999),(2147483647,'60450231-Z01',2,799),(2147483647,'60450245-Z01',3,1199),(2147483647,'60441367-Z01',3,649),(782280048,'60450583-Z01',2,649),(782280048,'60255236-G03',2,1099),(782280048,'60450582-G03',3,949),(2147483647,'60450294-Z01',2,949),(2147483647,'60441290-5PJ',3,749),(2147483647,'60368116-G03',1,799),(2147483647,'60255237-887',3,999),(2147483647,'W0023L5',3,3599),(2147483647,'W0642L2',2,2899),(2147483647,'W0648L1',2,3599),(2147483647,'W0562L2',3,3499),(2147483647,'W0565L4',3,3699),(2147483647,'W0627L1',3,3699),(2147483647,'W0627L2',2,3899),(2147483647,'W0289L3',1,2999),(2147483647,'W0330L17',2,3599),(2147483647,'W0626L3',1,3899),(2147483647,'W0622L1',3,3699),(2147483647,'W0624L3',3,2999),(959757945,'W0653L1',1,4799),(959757945,'W0655L1',2,3799),(1087901472,'W0687L2',2,3799),(1087901472,'W0624L1',2,3699),(1087901472,'W0639L1',3,4299),(2147483647,'W0573L2',3,4599),(2147483647,'W0693L2',3,2699),(2147483647,'W0623L3',3,3099),(2147483647,'W0632L2',2,4299),(2147483647,'W0633L1',3,3699),(2147483647,'W0628L2',3,2699),(2147483647,'W0623L2',1,3399),(2147483647,'W0626L2',1,3599),(2147483647,'W0642L3',3,3999),(2147483647,'W0648L2',3,2499),(2147483647,'W0647L2',2,4999),(309520886,'W0693L3',2,2499),(309520886,'W0636L1',3,3399),(309520886,'W0289L4',1,4499),(309520886,'W0330L16',2,4199),(178809632,'W0633L2',2,3799),(178809632,'W0624L2',2,4999),(178809632,'W0628L4',1,2999),(178809632,'W0623L1',2,3799),(178809632,'W0638L1',2,4999),(178809632,'W0573L1',1,2999),(2147483647,'W0647L1',2,3299),(2147483647,'W0493G4',1,1799),(2147483647,'W0494G5',1,2999),(2147483647,'W0659G3',2,3599),(2147483647,'W0658G4',3,2899),(2147483647,'W0657G2',3,3599),(2147483647,'W0172G5',3,3499),(2147483647,'W0658G1',3,3699),(2147483647,'W0662G3',3,3899),(2147483647,'W0662G4',1,2999),(2147483647,'W0674G2',2,3599),(2147483647,'W0662G5',3,3899),(2147483647,'W0485G3',3,3699),(2147483647,'W0669G2',1,3699),(2147483647,'W0682G1',1,4799),(2147483647,'W0172G6',1,3799),(959944494,'W0659G2',3,3699),(2147483647,'W0658G3',3,4299),(2147483647,'W0664G2',3,4799),(2147483647,'W0500G3',3,4599),(2147483647,'W0660G1',3,2699),(2147483647,'W0669G1',3,3099),(2147483647,'W0658G2',1,4299),(2147483647,'W0664G1',1,3699),(2147483647,'W0474G3',1,2699),(2147483647,'W0659G1',1,3399),(2147483647,'W0657G1',1,3599),(700864687,'W0662G2',1,3999),(700864687,'W0660G2',1,2499),(2147483647,'W0681G3',1,2199),(2147483647,'W0623L4',3,4499),(2147483647,'W0702L1',3,4199),(2147483647,'W0653L2',3,3799),(2147483647,'W0741L2',2,4999),(2147483647,'W0705L2',1,2999),(2147483647,'W0705L3',1,4999),(2147483647,'W0705L1',3,2999),(2147483647,'W0729L1',1,3299),(2147483647,'W0729L4',1,1799),(2147483647,'W0746G1',3,2999),(2147483647,'W0716G2',2,2899),(2147483647,'W0564L1',1,3599),(2147483647,'W0570L2',3,3499),(2147483647,'W0289L2',3,3699),(2147483647,'W0330L13',1,3899),(2147483647,'W0330L11',2,2999),(2147483647,'W0330L12',2,3599),(2147483647,'W0380G6',2,3899),(2147483647,'W0600G3',1,2999),(2147483647,'W0597G1',2,3699),(2147483647,'W0595G3',2,4799),(2147483647,'W0597G3',2,3799),(2147483647,'W0379G5',1,3799),(2147483647,'W0379G6',2,3699),(2147483647,'W0247G3',3,4299),(2147483647,'W0289L1',2,4799),(2147483647,'W0448L5',3,4599),(2147483647,'W0425L3',3,2699),(2147483647,'W0500G1',2,3099),(2147483647,'W0023L4',3,3699),(2147483647,'W0380G4',2,2699),(2147483647,'W16574L1',3,3399),(2147483647,'W10614L2',1,3599),(2147483647,'W0076G1',3,2499),(2147483647,'W0218G1',2,4999),(2147483647,'W0229L4',2,2199),(2147483647,'W70016G1',3,3399),(2147483647,'W0229L5',3,4499),(1467067571,'W0242G3',2,4199),(19854951,'60381811-E50',50,2999);
/*!40000 ALTER TABLE `detalle_ventas` ENABLE KEYS */;
UNLOCK TABLES;

--
-- Dumping data for table `empleados`
--

LOCK TABLES `empleados` WRITE;
/*!40000 ALTER TABLE `empleados` DISABLE KEYS */;
INSERT INTO `empleados` VALUES (1,'Nacio Casares-Fortuny','1993-10-02',7,11,40040.9),(2,'Catalina Requena Carreño','1987-07-29',7,20,28418.9),(3,'Emiliano Reguera Posada','1984-02-05',9,7,64762.3),(4,'Eliana Barceló Toro','2000-02-04',6,27,84352.5),(5,'Patricio Heraclio Guardiola Bernal','1994-05-09',4,9,34931),(6,'Segismundo Company Rodrigo','1982-05-19',10,6,73377.3),(7,'Irene Pedraza Vega','1989-06-22',4,16,91524.7),(8,'Bonifacio Feijoo Cruz','1979-09-03',6,2,58587.5),(9,'Eligia Gámez Criado','1984-03-14',7,10,41842.3),(10,'Alberto Mateos Pont','1970-10-07',10,22,56027.6),(11,'Basilio Fabregat Asensio','1972-02-06',4,12,74212.3),(12,'Esteban Ayuso Pallarès','1973-05-03',10,28,56417.4),(13,'Carmelo Nacio Campo Pombo','1972-03-06',9,29,43681.6),(14,'Ruperta Bonet Acuña','1976-03-28',6,3,15731),(15,'Nereida Antonia Romero Jaume','1989-07-02',1,29,45744.9),(16,'José Baquero-Arroyo','1982-11-20',3,28,72684.8),(17,'Valentín Nilo Uribe Seco','1979-03-21',9,20,16036),(18,'Pelayo Marco Arroyo Figuerola','1991-09-10',2,2,40517.4),(19,'Purificación Zaragoza','1976-07-04',7,19,63961.6),(20,'Encarna Linares Doménech','1978-08-19',10,31,13535),(21,'Matías Aliaga Cañizares','1977-11-12',10,3,13002.5),(22,'Miguel Moisés Pujadas Saldaña','1998-04-19',3,20,65655.6),(23,'Encarnacion del Arévalo','1976-08-05',5,21,32495.7),(24,'Lucila Vives-Vázquez','1985-12-08',9,32,70161.4),(25,'Gracia Morante-Elorza','1980-02-03',9,30,29181.1),(26,'Águeda Grande Marquez','1978-01-25',7,9,42606.7),(27,'Rosalía Alvarado Girona','1979-01-03',8,30,94932.8),(28,'René Arrieta Iriarte','1987-01-06',6,20,55685.6),(29,'María Cristina Loida Arévalo Español','1998-08-19',5,30,77178),(30,'Estela Amores Azcona','1986-12-15',3,6,13082.5),(31,'Hugo Rocamora Serrano','1977-01-02',2,12,83560.9),(32,'Bonifacio Pereira Torrecilla','1974-01-24',7,19,38483.2),(33,'Saturnina Esparza Crespo','1998-04-23',7,32,96580.5),(34,'Javi Berenguer Navarrete','1996-06-16',8,1,81408),(35,'Julio Fabián Cánovas Lasa','1978-04-20',8,31,68751.5),(36,'René Heriberto Díez Guardiola','1976-08-05',1,31,57852.2),(37,'Leticia Cabello Moreno','2000-04-04',9,29,40823.5),(38,'Eligia Bernad Bernad','1996-02-23',3,11,81438),(39,'Francisco del Galiano','1971-05-04',7,1,39558.5),(40,'Jose Ignacio Roca-Rubio','1986-11-03',1,22,56878.4),(41,'Odalis Arteaga Ugarte','1984-01-17',9,23,92423.1),(42,'Custodio Carpio Sedano','1986-06-23',5,2,60981.1),(43,'Jaime del Arco','2000-01-11',2,17,91080.8),(44,'Noemí Pi Morera','1990-01-23',3,15,18444.2),(45,'Tomasa Iñiguez','1988-09-24',5,2,57471.4),(46,'Marina Sainz Menéndez','1984-06-06',4,18,41394.3),(47,'Catalina Pascual Villar','1995-11-10',10,1,70332.9),(48,'Liliana Estrella Márquez Córdoba','1996-08-16',6,11,66896.5),(49,'Lalo Gámez Otero','1970-10-20',5,16,63338.7),(50,'Óscar Sobrino Báez','1997-06-18',10,1,10787),(51,'Evangelina de Bejarano','1981-11-26',6,10,70105.7),(52,'Ariadna Taboada Cañizares','1989-07-31',2,27,33457),(53,'Cristina Palma Varela','1975-12-22',1,31,63113.7),(54,'Lucila de Alarcón','1983-12-11',2,23,53128.3),(55,'Luciano Viana Martin','1992-11-06',5,26,52507.2),(56,'Primitivo Ponce Palacio','1996-09-23',6,17,90544.1),(57,'Mohamed Piña Calvo','1995-03-05',10,19,22750.4),(58,'Rafa del Pintor','1999-11-29',5,6,41982),(59,'Francisco Riquelme Arteaga','1975-01-24',4,15,22446.3),(60,'Fidela de Andrés','1976-05-12',2,11,85274.4),(61,'Imelda Ariño Montenegro','1973-08-01',5,28,14878.6),(62,'Vicenta Ávila Mir','1979-06-28',3,8,62960.6),(63,'Yago Navarrete Cañas','1994-07-09',3,18,95405.7),(64,'Salvador Carlos-Ballester','1990-12-18',5,5,99665.1),(65,'Felicidad Lucena-Uribe','1976-06-29',1,22,83954.5),(66,'Prudencio Solé Lumbreras','1986-09-20',6,31,24142.5),(67,'Heliodoro Heredia Ariza','1994-10-18',8,9,77428.5),(68,'Esteban Casado-Doménech','1992-02-23',1,23,18321.7),(69,'Andrés Felipe Salom Gonzalo','1978-04-05',2,17,24359.2),(70,'Rosaura Salazar Pozuelo','1985-09-11',1,29,75810.5),(71,'Eladio Pascual Cerdá Almeida','1998-03-04',9,25,45448.2),(72,'Custodio Rocamora Duarte','1973-03-16',5,7,85112.1),(73,'Manola Folch Segarra','1981-08-26',5,30,57318.2),(74,'Fortunato Cervera Duran','1972-08-04',7,12,43149.2),(75,'Sancho Gallego','1997-04-29',7,26,74647.2),(76,'Adrián Nicanor Andrés Tamayo','1980-11-27',9,26,50476),(77,'Toni Otero Palomar','1987-02-02',5,15,24440.9),(78,'Febe Marita Murillo Arce','1995-03-31',3,2,13141.3),(79,'Andrés Tovar Páez','1974-05-10',2,32,52656.1),(80,'Ciriaco Cristian Sancho Tello','1973-07-10',3,18,33381.8),(81,'Bartolomé Nieto','1986-02-17',9,19,44246.7),(82,'Porfirio Sanjuan Antúnez','1988-05-15',6,32,44615.5),(83,'Joaquina del Ayuso','1987-05-14',5,23,93373.5),(84,'Olalla Borja Bonilla','1993-06-06',1,14,31702.7),(85,'Encarnita Carreras-Barbero','1998-08-12',5,6,97711),(86,'Modesta Ferrández Coello','1973-09-28',1,13,28786.4),(87,'Paco Bauzà Badía','1974-02-08',5,15,10496),(88,'Edgardo Mancebo Bilbao','1978-09-28',4,24,32713.1),(89,'Adelina Bastida-Arnau','1970-08-29',9,14,41990.2),(90,'Octavia Ramírez Arco','1982-05-17',10,4,46878.8),(91,'Bonifacio Orozco Avilés','1987-02-06',6,13,25800.1),(92,'Petrona Grau-Mancebo','1998-02-11',1,26,99217.2),(93,'Juan Manuel de Botella','1992-10-25',9,26,36304.6),(94,'Mariana Cáceres Barragán','1988-04-14',4,22,30801.7),(95,'Abigaíl Escobar Cruz','1995-03-16',6,8,60270),(96,'Moisés Efraín Macias Alcolea','1999-07-19',4,9,57850.4),(97,'Zoraida Macias','1995-12-26',8,6,78877.3),(98,'Maite Vives','1998-07-23',4,20,12586),(99,'Ángel Víctor Cabo Correa','1994-09-10',2,1,95442.8),(100,'Loreto Saavedra Chamorro','1987-09-07',9,2,72830.1);
/*!40000 ALTER TABLE `empleados` ENABLE KEYS */;
UNLOCK TABLES;

--
-- Dumping data for table `marcas`
--

LOCK TABLES `marcas` WRITE;
/*!40000 ALTER TABLE `marcas` DISABLE KEYS */;
INSERT INTO `marcas` VALUES (1,'GUESS'),(2,'GIVENCHY'),(4,'LONNA & LILLY'),(5,'ANNE KLEIN'),(6,'JESSICA SIMPSON'),(7,'KENNETH COLE'),(8,'NAPIER'),(9,'NINE WEST'),(10,'SUMMER FRIDAYS'),(11,'KARL LAGERFELD'),(12,'SWAROVSKI'),(13,'BAUBLE BAR');
/*!40000 ALTER TABLE `marcas` ENABLE KEYS */;
UNLOCK TABLES;

--
-- Dumping data for table `productos`
--

LOCK TABLES `productos` WRITE;
/*!40000 ALTER TABLE `productos` DISABLE KEYS */;
INSERT INTO `productos` VALUES ('201592','MOONLIT',3999,92,8,8,15,5,5),('202240','SHIMMER',2999,27,7,8,7,2,3),('202372','LUNA',2499,72,8,9,13,4,5),('202633','MOONSTRUCK',4599,48,8,1,15,5,2),('202947','SERPENTINE',2499,17,7,6,9,1,3),('202950','MINI SUNRISE',4999,35,7,2,5,2,6),('202951','G TWIST',3099,43,7,6,10,6,3),('202952','GRAMERCY',4199,9,8,2,14,4,3),('202988','PLAZA',4999,57,7,6,8,6,1),('202989','FANTASY',3399,101,7,5,4,3,1),('202998','SERPENTINE',3599,14,7,5,12,6,2),('202999','JET SETTER',4299,98,7,1,15,6,4),('203130','MINI SUNRISE',2999,30,7,1,15,2,2),('203181','LADY WAFER',2199,121,8,4,2,5,1),('203187','STELLAR',4999,95,7,2,2,2,4),('203227','LATITUDE',3399,77,7,5,4,6,6),('203237','CATALINA',4799,50,7,7,1,2,2),('60136909-NY0','GRAMERCY',499,22,7,8,16,2,4),('60143284-NY0','CHELSEA',649,22,7,1,13,3,4),('60154468-9DH','DISTRICT',649,22,7,4,2,1,1),('60154497-NY0','JOLT',599,49,7,2,16,6,1),('60154499-9DH','ESCROW',399,143,7,4,5,2,4),('60159522-887','VIPER',599,3,7,6,1,3,4),('60243347-9DH','VIPER',549,9,7,8,14,6,5),('60252574-9DH','VERTIGO',449,33,7,6,10,1,4),('60255117-887','SASSY',3599,71,8,4,11,5,2),('60255236-G03','PLAZA',1099,4,7,6,7,3,2),('60255237-887','GRAMERCY',999,75,7,8,16,3,5),('60287906-9DH','VERTIGO',649,24,8,2,11,4,2),('60287913-9DH','MONOGRAM',549,41,7,1,7,1,2),('60287915-887','GRAMERCY',549,22,7,1,13,3,4),('60288709-887','CHASER',749,4,7,5,16,1,6),('60288738-887','DESTINY',449,22,7,9,4,3,4),('60297104-9DH','PURSUIT',349,99,7,4,9,3,5),('60359361-Z01','MINI SUNRISE',3599,83,7,7,9,1,3),('60359618-Z01','PINNACLE',2999,93,7,4,4,6,2),('60359813-887','VIPER',299,59,7,9,14,2,5),('60361498-900','MONOGRAM',3299,55,7,1,6,2,1),('60367027-9DH','VERTIGO',699,51,8,7,5,4,3),('60368116-G03','SOHO',799,99,7,8,7,3,1),('60376634-9DH','PRIME',499,75,7,7,5,6,5),('60380173-887','SASSY',3899,77,7,4,8,6,6),('60380175-887','LUNA',2999,74,7,7,7,1,4),('60381811-E50','VERTIGO',2999,58,7,4,7,2,4),('60381918-887','PINWHEEL',3499,82,7,9,7,3,3),('60390381-NY0','MINI SUNRISE',1149,23,8,1,6,5,1),('60390819-887','GRAMERCY',499,51,7,9,4,1,3),('60390821-G03','DISTRICT',649,109,8,5,9,5,2),('60392593-900','OVERDRIVE',2899,91,7,7,14,3,3),('60400105-887','ATLAS',449,76,8,6,10,5,5),('60400108-887','VERTIGO',449,44,7,2,9,3,2),('60404207-NY0','MINI SUNRISE',649,22,7,7,13,3,2),('60404214-9DH','MONOGRAM',599,42,7,6,1,6,1),('60404217-NY0','POISE',449,24,7,5,11,2,1),('60404220-9DH','FORCE',649,38,8,2,11,5,3),('60412570-G03','CATALINA',749,50,8,4,4,5,4),('60414680-NY0','CHELSEA',549,22,7,9,4,6,5),('60421098-887','MERIDIAN',3599,92,7,7,7,2,3),('60424061-D99','ESCROW',299,67,8,8,1,4,2),('60432506-NY0','LONGITUDE',1099,31,7,4,5,1,2),('60441099-284','LUNA',3699,79,7,4,15,2,4),('60441130-284','PRIME',1799,96,7,1,14,2,2),('60441183-E50','SPOTLIGHT',3699,79,8,7,5,5,6),('60441187-G03','MINI MYSTICAL',999,37,7,9,4,2,4),('60441228-NY0','ASSET',349,60,7,1,8,2,1),('60441290-5PJ','LATITUDE',749,143,7,2,15,3,3),('60441327-5PJ','SUNRISE',799,27,8,8,12,5,4),('60441367-Z01','MOONLIT',649,34,8,1,12,4,3),('60442006-NY0','MERIDIAN',1099,34,8,5,15,5,5),('60442384-276','G TWIST',949,41,7,2,12,1,2),('60442441-5PJ','MINI SUNRISE',749,86,7,2,10,1,3),('60442800-887','JET SETTER',749,38,7,2,9,2,2),('60442801-887','MOONSTRUCK',699,33,8,5,2,5,6),('60442804-887','PASSAGE',1199,43,8,8,7,4,3),('60442805-887','CHELSEA',749,53,7,5,4,6,3),('60442831-887','G TWIST',949,42,8,5,14,4,6),('60442953-G03','GRAMERCY',999,80,8,2,4,5,6),('60443309-5ZU','CHELSEA',799,65,7,4,9,2,4),('60444547-887','CHELSEA',449,22,8,4,1,4,6),('60447316-887','LUNA',3699,68,7,6,10,2,5),('60447325-887','GRAMERCY',3699,51,7,9,12,3,1),('60447432-887','CONTOUR',4799,61,7,8,15,2,2),('60449929-887','TIME TO GIVE',699,32,7,2,10,6,5),('60449972-G03','SOHO',799,43,7,8,12,3,6),('60450231-Z01','FANTASY',799,31,7,2,13,6,2),('60450245-Z01','SERPENTINE',1199,55,8,4,11,5,2),('60450294-Z01','SERPENTINE',949,136,7,8,12,3,5),('60450582-G03','LADY WAFER',949,3,7,1,6,1,6),('60450583-Z01','LUNA',649,49,7,1,15,1,6),('60452191-G03','VAULT',3699,64,7,9,12,1,5),('60452194-887','SASSY',3899,71,7,2,10,6,2),('60461150-NY0','JET SETTER',799,24,8,1,15,4,2),('60461152-9DH','MONOGRAM',849,27,8,1,5,4,6),('60468778-NY0','ATLAS',949,55,7,4,11,2,6),('60484398-NY0','MAVERICK',749,37,7,1,4,3,5),('60492298-9DH','RIGOR',499,50,7,8,8,1,1),('60500239-NY0','MINI MYSTICAL',699,23,7,2,12,2,3),('60500240-9DH','CHASER',449,53,8,9,4,4,2),('60500717-887','MINI SUNRISE',449,22,8,1,10,4,6),('60506317-887','PASSAGE',699,16,7,4,14,1,6),('60506331-887','SOHO',799,24,7,1,16,1,5),('60506460-887','SERPENTINE',799,22,7,6,8,3,5),('60516542-NY0','TIME TO GIVE',699,23,7,9,16,3,6),('60516548-NY0','GRAMERCY',699,22,8,1,13,5,6),('60516550-NY0','CHELSEA',799,16,8,5,3,4,5),('60516556-NY0','MOONSTRUCK',699,24,7,2,9,6,1),('60516564-NY0','G TWIST',949,24,7,8,7,3,1),('60516569-NY0','FANTASY',799,23,8,5,11,5,1),('60516645-887','JET SETTER',749,24,8,8,7,4,6),('60516655-887','MINI MYSTICAL',999,23,7,5,11,2,1),('60516656-887','SERPENTINE',1199,23,7,5,6,2,3),('60516709-NY0','MOONLIT',649,22,8,8,16,5,2),('60516711-NY0','LUNA',699,22,8,6,7,4,6),('60516713-NY0','PLAZA',499,16,7,4,1,3,4),('60516714-NY0','LADY WAFER',749,9,7,2,2,3,3),('60516716-NY0','SERPENTINE',749,23,7,1,12,6,5),('60516717-NY0','LATITUDE',699,24,7,2,5,2,5),('60516718-NY0','SOHO',649,24,7,5,11,6,6),('60516720-NY0','GRAMERCY',649,23,8,5,2,5,3),('60516721-NY0','POISE',899,22,8,9,6,5,4),('79946989-NY0','DESTINY',1249,24,7,4,9,3,4),('79946990-887','SUNRISE',449,23,7,2,1,2,6),('79946993-NY0','SHIMMER',1099,24,8,2,8,4,2),('JQRU3344','CHELSEA',3299,27,7,7,15,6,4),('K00143-E01','GRAMERCY',1799,26,7,9,3,6,3),('K00276-E02','MINI MYSTICAL',3299,96,8,7,10,5,3),('K00952-E02','SERPENTINE',949,80,8,8,3,5,6),('K00972-N01','PARK AVE',699,6,7,4,14,2,5),('K03102-E01','CHELSEA',2999,88,7,4,7,1,6),('K06686-N02','SUNRISE',699,50,8,7,1,5,3),('K08474-E02','MINI SUNRISE',1799,20,7,9,4,3,5),('KC0130-N01','POISE',699,4,7,1,5,1,6),('KC0130-N02','JET SETTER',799,7,8,9,6,5,1),('W0023L4','MINI SUNRISE',3699,22,7,1,1,2,4),('W0023L5','TIME TO GIVE',3599,87,7,8,5,3,6),('W0040G5','MINI SUNRISE',2999,24,7,1,6,3,6),('W0076G1','MINI MYSTICAL',2499,24,8,5,3,4,1),('W0147L3','JET SETTER',3799,22,8,6,12,5,6),('W0167G1','SUNRISE',4999,22,7,5,4,3,6),('W0172G5','CHASER',3499,24,7,7,9,6,6),('W0172G6','CHASER',3799,9,7,4,15,6,5),('W0218G1','GRAMERCY',4999,24,8,5,5,5,6),('W0229L4','CHELSEA',2199,24,7,1,12,2,4),('W0229L5','POISE',4499,22,7,5,16,1,3),('W0239L2','DESTINY',2999,22,7,9,15,6,5),('W0242G3','PARK AVE',4199,22,7,5,11,3,4),('W0243G1','SERPENTINE',3799,16,7,8,12,2,5),('W0243G2','SOHO',3299,24,8,1,11,5,5),('W0247G3','LADY WAFER',4299,24,7,2,2,1,4),('W0289L1','SERPENTINE',4799,22,8,6,15,4,6),('W0289L2','CATALINA',3699,24,7,6,5,1,4),('W0289L3','JET SETTER',2999,22,7,7,14,3,2),('W0289L4','JET SETTER',4499,22,7,6,3,1,5),('W0330L11','G TWIST',2999,24,7,8,11,6,2),('W0330L12','G TWIST',3599,24,7,5,7,2,1),('W0330L13','MOONSTRUCK',3899,24,7,5,14,1,2),('W0330L16','SUNRISE',4199,22,7,9,14,3,1),('W0330L17','SUNRISE',3599,22,7,1,8,1,3),('W0379G5','LUNA',3799,16,7,2,1,3,6),('W0379G6','PLAZA',3699,24,8,1,1,4,3),('W0380G4','SHIMMER',2699,22,7,9,16,2,1),('W0380G6','JET SETTER',3899,22,7,9,16,3,1),('W0425L3','SOHO',2699,24,7,1,5,1,5),('W0448L5','LATITUDE',4599,16,8,2,6,4,5),('W0474G3','ASSET',2699,23,7,8,10,6,3),('W0485G3','MAVERICK',3699,23,7,7,4,3,5),('W0493G4','PASSAGE',1799,23,7,1,14,2,3),('W0494G5','DISTRICT',2999,23,7,4,10,1,1),('W0500G1','GRAMERCY',3099,22,8,6,3,5,3),('W0500G3','PURSUIT',4599,23,8,4,15,4,5),('W0562L2','CATALINA',3499,24,7,9,14,1,4),('W0564L1','TIME TO GIVE',3599,87,7,2,13,3,1),('W0565L4','MOONSTRUCK',3699,24,7,6,13,1,5),('W0570L2','GRAMERCY',3499,24,7,5,13,1,2),('W0573L1','GRAMERCY',2999,22,7,1,4,1,5),('W0573L2','GRAMERCY',4599,22,7,5,5,3,2),('W0595G3','SERPENTINE',4799,16,7,6,14,3,6),('W0597G1','FANTASY',3699,16,8,4,9,5,5),('W0597G3','MOONLIT',3799,16,8,2,5,5,1),('W0600G3','MINI MYSTICAL',2999,22,7,5,13,3,3),('W0622L1','FANTASY',3699,16,7,4,2,1,6),('W0623L1','MINI SUNRISE',3799,24,7,5,15,1,2),('W0623L2','MINI SUNRISE',3399,24,8,7,4,4,6),('W0623L3','MINI SUNRISE',3099,22,7,9,16,1,3),('W0623L4','MINI SUNRISE',4499,24,7,6,14,6,4),('W0624L1','SERPENTINE',3699,22,7,6,9,1,5),('W0624L2','SERPENTINE',4999,16,8,7,12,4,5),('W0624L3','SERPENTINE',2999,16,8,5,13,4,4),('W0626L2','MINI MYSTICAL',3599,24,8,4,1,5,2),('W0626L3','MINI MYSTICAL',3899,22,7,2,9,2,2),('W0627L1','G TWIST',3699,24,7,2,11,3,1),('W0627L2','G TWIST',3899,24,8,7,2,4,1),('W0628L2','STELLAR',2699,16,7,6,11,2,6),('W0628L4','STELLAR',2999,16,8,2,15,5,2),('W0632L2','SHIMMER',4299,22,7,7,11,1,1),('W0633L1','DESTINY',3699,22,7,1,9,6,5),('W0633L2','DESTINY',3799,22,7,9,1,6,1),('W0636L1','PARK AVE',3399,22,7,9,3,3,1),('W0638L1','SOHO',4999,24,7,6,15,6,4),('W0639L1','LATITUDE',4299,16,7,9,12,1,3),('W0642L2','GRAMERCY',2899,24,7,7,10,1,3),('W0642L3','GRAMERCY',3999,24,7,8,1,2,2),('W0647L1','CHELSEA',3299,22,7,4,13,6,6),('W0647L2','CHELSEA',4999,23,8,9,13,5,3),('W0648L1','CHELSEA',3599,24,8,6,14,4,3),('W0648L2','CHELSEA',2499,24,7,6,4,3,1),('W0653L1','LUNA',4799,16,7,1,5,3,6),('W0653L2','LUNA',3799,22,8,7,9,5,6),('W0655L1','PLAZA',3799,24,7,9,11,1,6),('W0657G1','VERTIGO',3599,23,8,2,4,4,3),('W0657G2','VERTIGO',3599,16,7,4,14,6,5),('W0658G1','VERTIGO',3699,24,7,5,10,2,6),('W0658G2','VERTIGO',4299,24,7,6,8,6,5),('W0658G3','VERTIGO',4299,24,7,8,6,6,6),('W0658G4','VERTIGO',2899,22,7,4,15,3,5),('W0659G1','VIPER',3399,23,7,7,16,1,1),('W0659G2','VIPER',3699,23,7,1,9,2,5),('W0659G3','VIPER',3599,23,7,1,14,6,2),('W0660G1','PRIME',2699,22,8,9,14,4,5),('W0660G2','PRIME',2499,22,7,5,16,1,4),('W0662G2','MONOGRAM',3999,22,7,1,6,3,5),('W0662G3','MONOGRAM',3899,24,7,4,14,3,1),('W0662G4','MONOGRAM',2999,24,8,6,15,5,6),('W0662G5','MONOGRAM',3899,23,8,9,13,4,5),('W0664G1','ESCROW',3699,24,8,2,9,5,2),('W0664G2','ESCROW',4799,24,8,7,16,4,5),('W0669G1','ATLAS',3099,16,7,7,4,2,2),('W0669G2','ATLAS',3699,22,7,1,15,3,2),('W0674G2','FORCE',3599,24,8,8,14,5,5),('W0681G3','MERIDIAN',2199,22,7,4,2,3,4),('W0682G1','MERIDIAN',4799,22,7,5,13,6,2),('W0687L2','LADY WAFER',3799,24,7,4,13,1,6),('W0693L2','POISE',2699,22,7,1,9,3,4),('W0693L3','POISE',2499,22,8,8,13,5,2),('W0702L1','PINWHEEL',4199,23,7,4,15,2,4),('W0705L1','SASSY',2999,22,7,7,15,6,2),('W0705L2','SASSY',2999,24,7,2,9,1,1),('W0705L3','SASSY',4999,24,7,1,10,2,5),('W0716G2','VP',2899,24,7,2,15,3,1),('W0729L1','LUNA',3299,22,7,1,10,3,5),('W0729L4','LUNA',1799,16,7,7,2,2,2),('W0741L2','SPOTLIGHT',4999,22,8,8,7,5,6),('W0746G1','VAULT',2999,22,7,8,13,6,1),('W10614L2','STELLAR',3599,16,8,7,12,5,2),('W12638L1','STELLAR',4999,16,7,6,7,1,5),('W13564L1','DISTRICT',1799,23,7,2,15,1,5),('W15072L1','CHELSEA',2999,22,7,8,12,3,5),('W16574L1','DESTINY',3399,22,7,6,14,3,5),('W60006L1','PASSAGE',3299,23,7,1,10,6,3),('W70016G1','MINI SUNRISE',3399,22,8,6,7,5,5);
/*!40000 ALTER TABLE `productos` ENABLE KEYS */;
UNLOCK TABLES;

--
-- Dumping data for table `proveedores`
--

LOCK TABLES `proveedores` WRITE;
/*!40000 ALTER TABLE `proveedores` DISABLE KEYS */;
INSERT INTO `proveedores` VALUES (1,'CHARLES ANDREW','Paseo De La Republica 5030-25 Col Jardines Del Rincon Cp 58270 (Hernandez Gonzalez De Eslava 266 Mir','197-918-24'),(2,'CATALOGO CRIVELLI SA DE CV','Diagonal 20 de Noviembre No. 275-7  COL. OBRERA DELEG. CUAHUTEMOC. C.P. 06800 MEXICO D.F.','342-947-09'),(3,'CLAUDIA JUDITH VIZCARRA RODRIGUEZ','Diagonal 20 de Noviembre No. 275-7  COL. OBRERA DELEG. CUAHUTEMOC. C.P. 06800 MEXICO D.F.','144-814-76'),(4,'FOOTWEAR INTERNACIONAL, S.A. DE C.V','José María Morelos Num.4013 Colonia La Huizachera C.P. 75718 Tehuacan, Puebla','867-855-79'),(5,'GRUPO COMERCIAL SIDER, S.A. DE C.V. ','Calle 5 De Febrero 130 Loc.903 Col.Obrera Mexico D.F. C.P.06800','124-501-58'),(6,'JOSEFINA HERNANDEZ BALLESTEROS','Paseo De La Republica 5030-25 Col Jardines Del Rincon Cp 58270 (Hernandez Gonzalez De Eslava 266 Mir','516-609-38'),(7,'JUBILEE','Autoclun No.9 Col. Ampliación Ricardo Flores Magon, Gomez Palacio DGO. C.p. 35089','311-701-32'),(8,'JULIA','Autoclun No.9 Col. Ampliación Ricardo Flores Magon, Gomez Palacio DGO. C.p. 35090','672-259-35'),(9,'KATIA INA','Hortencia 2914 Bis Col Los Angeles Iztapalapa CP 09830','194-325-45'),(10,'KNITWORK','Francisco Marquez #125 Casa 8 Col Condesa Cp 06140 Delegacion Cuauhtemoc','220-930-93'),(11,'LA BIJOU','America 6-11 Moroleón, Gto. C.P:38870','847-832-09'),(12,'LA SCALA','Calle America #25 Col. Centro, Moroleón, Gto. C.P:38800','715-465-69'),(13,'LINE UP','Calle 5 De Febrero 130 Loc.903 Col.Obrera Mexico D.F. C.P.06800','231-577-95'),(14,'LOVELY DAY','Gumerside Esquer No. 92 Col. Asturias ampliacion delegacion Cuauhtemoc C.P 06890 Mexico D.F','306-996-05'),(15,'LOVE REPUBLIC','Gumerside Esquer No. 92 Col. Asturias ampliacion delegacion Cuauhtemoc C.P 06890 Mexico D.F','450-944-40');
/*!40000 ALTER TABLE `proveedores` ENABLE KEYS */;
UNLOCK TABLES;

--
-- Dumping data for table `puestos`
--

LOCK TABLES `puestos` WRITE;
/*!40000 ALTER TABLE `puestos` DISABLE KEYS */;
INSERT INTO `puestos` VALUES (1,'Abogado laboralista'),(2,'Analista financiero'),(3,'Atención al cliente'),(4,'Data analyst'),(5,'Responsable de calidad'),(6,'Responsable de cobros'),(7,'Jefe de almacén'),(8,'Brand Manager Sr.'),(9,'Brand Manager Jr.'),(10,'Sales Manager'),(11,'Digital marketing manager'),(12,'Director de operaciones'),(13,'Logistics Manager'),(14,'Desarrollador de Negocios'),(15,'Supervisor de Marketing'),(16,'Auxiliar Contable'),(17,'Auxiliar Administrativo'),(18,'Contador General'),(19,'Analista de Finanzas Junior'),(20,'Auxiliar de Cobranzas'),(21,'Encargado de Facturación y/o Cuentas Corrientes'),(22,'Analista de Créditos y Riesgos'),(23,'Programador'),(24,'Programador Junior'),(25,'Encargado en Infraestructura Tecnológica'),(26,'Administrador de Base de Datos'),(27,'Desarrollador Web Junior'),(28,'Desarrollador Web'),(29,'Auxiliar de Recursos Humanos'),(30,'Secretario(a)'),(31,'Gerente de Recursos Humanos'),(32,'Encargado(a) de Limpieza *'),(33,'Agente de Servicios Post Venta');
/*!40000 ALTER TABLE `puestos` ENABLE KEYS */;
UNLOCK TABLES;

--
-- Dumping data for table `temporadas`
--

LOCK TABLES `temporadas` WRITE;
/*!40000 ALTER TABLE `temporadas` DISABLE KEYS */;
INSERT INTO `temporadas` VALUES (1,'Winter 2020'),(2,'Spring 2020'),(3,'Summer 2020'),(4,'Fall 2020'),(5,'Winter 2021'),(6,'Spring 2021'),(7,'Summer 2021'),(8,'Fall 2021'),(9,'Winter 2022'),(10,'Spring 2022'),(11,'Summer 2022'),(12,'Fall 2022'),(13,'Winter 2023'),(14,'Spring 2023'),(15,'Summer 2023'),(16,'Fall 2023');
/*!40000 ALTER TABLE `temporadas` ENABLE KEYS */;
UNLOCK TABLES;

--
-- Dumping data for table `ventas`
--

LOCK TABLES `ventas` WRITE;
/*!40000 ALTER TABLE `ventas` DISABLE KEYS */;
INSERT INTO `ventas` VALUES (19854951,2,7,'2021-11-20'),(31252753,7,7,'2020-12-20'),(32363451,2,7,'2020-10-07'),(42887402,1,8,'2020-07-16'),(52024040,8,7,'2021-11-21'),(74920944,3,7,'2020-04-25'),(89049918,3,7,'2021-12-08'),(97055662,8,8,'2022-11-02'),(102610479,8,8,'2023-03-28'),(145563928,2,8,'2021-01-31'),(148741568,8,7,'2021-08-20'),(149044933,3,7,'2021-06-25'),(149616333,2,8,'2022-01-24'),(164037780,5,7,'2023-04-03'),(165685549,6,7,'2020-06-22'),(172154049,4,8,'2022-07-19'),(178809632,6,8,'2021-11-11'),(183256158,3,7,'2020-08-01'),(188245472,5,8,'2021-08-28'),(197957498,8,8,'2020-07-02'),(209666358,3,7,'2023-01-01'),(220950393,3,8,'2023-02-27'),(228987873,2,8,'2021-12-11'),(247635162,7,8,'2022-04-16'),(247639389,7,7,'2021-04-03'),(249696959,4,8,'2021-11-04'),(265085411,8,8,'2022-06-15'),(294863508,5,7,'2022-03-25'),(295691115,3,7,'2022-04-08'),(309520886,2,8,'2020-10-27'),(311286852,4,7,'2021-11-20'),(329114999,8,7,'2020-05-04'),(339552360,2,8,'2021-02-24'),(345014480,5,7,'2022-09-10'),(347648878,8,7,'2022-02-27'),(348887760,2,7,'2022-07-14'),(348999429,4,8,'2022-11-15'),(352251557,7,8,'2020-05-05'),(391217704,1,8,'2022-05-08'),(404448321,5,7,'2021-12-13'),(409868809,2,8,'2021-12-31'),(417683634,8,7,'2021-06-18'),(419748342,2,7,'2020-09-16'),(430478615,1,7,'2020-09-27'),(431266131,1,8,'2020-08-28'),(450099180,8,7,'2021-10-17'),(492445508,3,7,'2021-01-18'),(503820326,4,8,'2022-07-05'),(528891294,2,8,'2021-06-07'),(535847785,7,8,'2022-02-27'),(563634685,2,7,'2023-04-07'),(616672241,2,7,'2023-01-13'),(625526589,3,7,'2022-09-09'),(636228894,2,8,'2020-09-27'),(647183927,5,7,'2022-09-14'),(658095544,1,7,'2021-04-23'),(673755266,6,8,'2022-12-04'),(674006216,7,7,'2022-02-04'),(674225619,5,8,'2021-02-23'),(684241560,6,7,'2022-10-26'),(686106873,1,7,'2021-11-30'),(695726358,3,8,'2022-05-25'),(699729416,5,8,'2022-08-27'),(700535446,3,7,'2020-10-21'),(700573801,7,7,'2021-10-09'),(700864687,6,7,'2022-03-06'),(711519153,3,7,'2021-07-27'),(729177386,5,8,'2021-01-27'),(751531669,4,8,'2023-03-20'),(764951246,7,8,'2021-10-03'),(770345891,2,8,'2020-12-13'),(774954574,3,7,'2021-10-27'),(780681371,1,8,'2021-08-19'),(782280048,3,8,'2020-09-03'),(782314856,1,8,'2020-09-03'),(789601931,6,7,'2022-08-07'),(792054768,8,8,'2020-12-31'),(798316241,5,7,'2021-05-04'),(799986372,4,8,'2020-04-21'),(816846081,5,7,'2021-10-02'),(830019774,6,8,'2021-02-11'),(850276942,4,7,'2020-05-06'),(859454290,6,7,'2022-06-22'),(859978125,7,8,'2022-06-18'),(860561488,3,7,'2020-10-28'),(872755967,7,7,'2021-02-27'),(873435745,7,8,'2021-11-17'),(873579461,3,7,'2020-07-08'),(887073689,3,8,'2021-10-19'),(895367173,3,7,'2022-09-07'),(908750404,3,7,'2020-04-27'),(919158706,5,8,'2021-02-21'),(936204079,5,8,'2022-12-18'),(953748049,2,7,'2020-06-14'),(959757945,5,8,'2020-06-23'),(959944494,2,8,'2020-11-17'),(968971598,4,8,'2022-05-13'),(977786765,4,8,'2021-01-04'),(991376137,4,8,'2020-11-18'),(999393820,5,7,'2023-02-20'),(1023380609,8,8,'2021-01-18'),(1029183104,2,7,'2021-10-23'),(1052923682,6,7,'2021-11-06'),(1067796827,1,7,'2021-12-07'),(1087235715,7,7,'2021-08-26'),(1087901472,6,8,'2020-07-30'),(1089147198,4,8,'2020-08-16'),(1090020198,4,8,'2022-08-08'),(1098284674,5,7,'2020-10-10'),(1105290182,2,8,'2021-12-28'),(1119177871,3,7,'2021-01-06'),(1138792772,1,7,'2021-12-08'),(1144357756,8,7,'2021-06-16'),(1179390547,5,7,'2023-03-03'),(1210536943,1,8,'2022-12-04'),(1211259161,2,7,'2020-07-28'),(1212600576,2,8,'2023-02-12'),(1220998435,3,8,'2020-06-23'),(1224373669,2,8,'2023-04-05'),(1225477360,5,7,'2021-10-26'),(1253924708,2,8,'2020-05-29'),(1260771474,5,8,'2022-12-01'),(1264863551,3,8,'2022-11-19'),(1282250299,6,8,'2023-03-10'),(1297360982,4,7,'2022-04-23'),(1310775877,1,7,'2022-06-30'),(1315049139,5,8,'2022-05-16'),(1316136779,2,7,'2021-07-07'),(1329353935,5,8,'2021-10-30'),(1345187823,1,8,'2021-08-19'),(1345302584,3,7,'2021-08-06'),(1348792973,8,8,'2020-06-16'),(1355368243,2,8,'2021-08-04'),(1357410743,1,8,'2021-04-22'),(1365977781,1,7,'2021-01-11'),(1370974922,2,7,'2023-01-05'),(1376434695,7,7,'2020-08-17'),(1389253678,7,7,'2022-01-21'),(1396057145,6,7,'2022-08-02'),(1410043703,3,8,'2020-05-04'),(1416178724,8,8,'2021-06-17'),(1422944476,6,8,'2021-07-05'),(1429964251,3,8,'2020-09-08'),(1437890970,5,8,'2022-11-11'),(1439563241,7,7,'2022-12-07'),(1452323127,5,8,'2022-01-18'),(1467067571,6,8,'2020-05-12'),(1486061559,3,8,'2022-01-27'),(1497692571,6,8,'2021-05-15'),(1516094905,4,7,'2020-08-22'),(1528929454,5,7,'2021-11-15'),(1528992083,2,7,'2023-02-03'),(1545673802,6,8,'2022-09-27'),(1550560719,5,7,'2021-08-09'),(1559110228,3,7,'2021-05-30'),(1581295332,7,7,'2022-01-25'),(1583678999,6,8,'2021-10-08'),(1584092858,8,8,'2021-06-15'),(1591293456,4,8,'2020-06-23'),(1594658536,6,8,'2022-11-28'),(1608693171,6,7,'2020-04-28'),(1613406274,1,7,'2022-02-20'),(1622236785,1,8,'2020-08-22'),(1625005105,7,7,'2020-09-27'),(1642498939,3,8,'2021-05-14'),(1645396819,4,8,'2021-01-17'),(1650780516,4,7,'2020-08-08'),(1658273729,2,7,'2023-02-05'),(1658784111,4,8,'2023-01-27'),(1659345456,5,7,'2021-09-06'),(1669117405,7,8,'2023-04-20'),(1676367012,1,8,'2021-01-29'),(1678035203,6,7,'2021-11-22'),(1686586051,3,8,'2021-09-18'),(1706213662,4,7,'2023-02-02'),(1719541345,8,7,'2022-05-21'),(1727652444,7,7,'2020-06-27'),(1735217395,6,8,'2023-04-19'),(1735636789,1,8,'2022-01-02'),(1745160809,5,7,'2022-08-10'),(1763001792,4,8,'2021-08-23'),(1776684028,8,8,'2023-01-08'),(1779937709,1,8,'2021-09-03'),(1782157778,2,7,'2020-06-29'),(1786722380,5,7,'2020-06-29'),(1797357298,7,8,'2021-01-19'),(1820145913,6,8,'2020-07-04'),(1822956323,5,7,'2022-01-17'),(1827960124,8,7,'2021-06-23'),(1833332253,6,8,'2021-06-02'),(1857220412,5,7,'2022-10-08'),(1861004478,8,8,'2022-06-20'),(1864538902,5,7,'2022-04-23'),(1870410122,7,7,'2020-08-04'),(1872883761,3,7,'2020-10-02'),(1881581322,7,8,'2022-10-24'),(1883390575,8,7,'2022-05-31'),(1891299549,4,8,'2020-12-12'),(1893961575,3,7,'2021-01-03'),(1912823349,5,7,'2022-06-23'),(1927197082,4,7,'2022-03-22'),(1937676226,4,8,'2020-12-11'),(1940881099,4,7,'2022-06-03'),(1961846551,3,8,'2023-02-24'),(1962973212,2,7,'2021-12-21'),(1963776925,1,8,'2022-05-03'),(1987218671,8,8,'2020-05-18'),(1996054708,2,7,'2021-04-10'),(2015010343,7,8,'2020-11-08'),(2016624647,3,7,'2021-04-11'),(2034285298,8,8,'2020-06-02'),(2043084119,7,7,'2020-08-30'),(2046655044,6,8,'2020-07-07'),(2054169412,6,7,'2022-10-30'),(2063473641,1,7,'2020-07-28'),(2076115013,5,7,'2022-06-22'),(2096604605,2,7,'2021-09-30'),(2099849617,7,7,'2022-07-08'),(2103753011,7,7,'2020-08-14'),(2105288979,2,7,'2022-02-10'),(2114922723,6,7,'2021-12-09'),(2117158196,3,8,'2023-01-22'),(2121777385,3,8,'2022-02-18'),(2132884897,8,8,'2022-08-16'),(2135751324,4,7,'2021-02-10'),(2147483647,5,7,'2022-01-18');
/*!40000 ALTER TABLE `ventas` ENABLE KEYS */;
UNLOCK TABLES;
/*!40103 SET TIME_ZONE=@OLD_TIME_ZONE */;

/*!40101 SET SQL_MODE=@OLD_SQL_MODE */;
/*!40014 SET FOREIGN_KEY_CHECKS=@OLD_FOREIGN_KEY_CHECKS */;
/*!40014 SET UNIQUE_CHECKS=@OLD_UNIQUE_CHECKS */;
/*!40101 SET CHARACTER_SET_CLIENT=@OLD_CHARACTER_SET_CLIENT */;
/*!40101 SET CHARACTER_SET_RESULTS=@OLD_CHARACTER_SET_RESULTS */;
/*!40101 SET COLLATION_CONNECTION=@OLD_COLLATION_CONNECTION */;
/*!40111 SET SQL_NOTES=@OLD_SQL_NOTES */;

-- Dump completed on 2023-06-06 19:07:28
